cbsa_code,metro_name_x,employment,median_wage,metro_name_y,bachelors_or_higher_pct,metro_name,rpp
10180,"Abilene, TX",75070,44340,"Abilene, TX Metro Area",26.6,"Abilene, TX (Metropolitan Statistical Area)",90.364
10420,"Akron, OH",319560,48840,"Akron, OH Metro Area",35.1,"Akron, OH (Metropolitan Statistical Area)",93.37
10500,"Albany, GA",58390,43620,"Albany, GA Metro Area",23.1,"Albany, GA (Metropolitan Statistical Area)",87.669
10540,"Albany, OR",47260,49700,"Albany, OR Metro Area",21.6,"Albany, OR (Metropolitan Statistical Area)",102.1
10580,"Albany-Schenectady-Troy, NY",449410,58460,"Albany-Schenectady-Troy, NY Metro Area",42.1,"Albany-Schenectady-Troy, NY (Metropolitan Statistical Area)",99.566
10740,"Albuquerque, NM",404700,48060,"Albuquerque, NM Metro Area",35.6,"Albuquerque, NM (Metropolitan Statistical Area)",95.546
10780,"Alexandria, LA",60000,40600,"Alexandria, LA Metro Area",21.9,"Alexandria, LA (Metropolitan Statistical Area)",85.686
10900,"Allentown-Bethlehem-Easton, PA-NJ",377180,48990,"Allentown-Bethlehem-Easton, PA-NJ Metro Area",33.5,"Allentown-Bethlehem-Easton, PA-NJ (Metropolitan Statistical Area)",99.968
11020,"Altoona, PA",58650,44270,"Altoona, PA Metro Area",24.4,"Altoona, PA (Metropolitan Statistical Area)",89.507
11100,"Amarillo, TX",123930,44580,"Amarillo, TX Metro Area",27.1,"Amarillo, TX (Metropolitan Statistical Area)",91.82
11180,"Ames, IA",55890,50220,"Ames, IA Metro Area",47.9,"Ames, IA (Metropolitan Statistical Area)",88.83
11200,"Amherst Town-Northampton, MA",65670,57030,"Amherst Town-Northampton, MA Metro Area",51.6,"Amherst Town-Northampton, MA (Metropolitan Statistical Area)",100.243
11260,"Anchorage, AK",177050,60200,"Anchorage, AK Metro Area",34.7,"Anchorage, AK (Metropolitan Statistical Area)",105.42
11460,"Ann Arbor, MI",219730,55380,"Ann Arbor, MI Metro Area",58.7,"Ann Arbor, MI (Metropolitan Statistical Area)",100.88
11500,"Anniston-Oxford, AL",43570,42680,"Anniston-Oxford, AL Metro Area",20.6,"Anniston-Oxford, AL (Metropolitan Statistical Area)",85.949
11540,"Appleton, WI",124230,49910,"Appleton, WI Metro Area",32.8,"Appleton, WI (Metropolitan Statistical Area)",92.419
11700,"Asheville, NC",180620,46870,"Asheville, NC Metro Area",42.5,"Asheville, NC (Metropolitan Statistical Area)",96.506
12020,"Athens-Clarke County, GA",95800,41220,"Athens-Clarke County, GA Metro Area",43.2,"Athens-Clarke County, GA (Metropolitan Statistical Area)",93.343
12060,"Atlanta-Sandy Springs-Roswell, GA",2889670,51170,"Atlanta-Sandy Springs-Roswell, GA Metro Area",42.2,"Atlanta-Sandy Springs-Roswell, GA (Metropolitan Statistical Area)",100.058
12100,"Atlantic City-Hammonton, NJ",168700,47520,"Atlantic City-Hammonton, NJ Metro Area",33.8,"Atlantic City-Hammonton, NJ (Metropolitan Statistical Area)",98.857
12220,"Auburn-Opelika, AL",72710,39070,"Auburn-Opelika, AL Metro Area",40.4,"Auburn-Opelika, AL (Metropolitan Statistical Area)",87.933
12260,"Augusta-Richmond County, GA-SC",231930,45990,"Augusta-Richmond County, GA-SC Metro Area",29.5,"Augusta-Richmond County, GA-SC (Metropolitan Statistical Area)",91.903
12420,"Austin-Round Rock-San Marcos, TX",1293690,56950,"Austin-Round Rock-San Marcos, TX Metro Area",50.9,"Austin-Round Rock-San Marcos, TX (Metropolitan Statistical Area)",98.066
12540,"Bakersfield-Delano, CA",338230,47470,"Bakersfield-Delano, CA Metro Area",18.8,"Bakersfield-Delano, CA (Metropolitan Statistical Area)",100.886
12580,"Baltimore-Columbia-Towson, MD",1356680,59070,"Baltimore-Columbia-Towson, MD Metro Area",44.0,"Baltimore-Columbia-Towson, MD (Metropolitan Statistical Area)",104.487
12620,"Bangor, ME",72270,47960,"Bangor, ME Metro Area",30.1,"Bangor, ME (Metropolitan Statistical Area)",96.508
12700,"Barnstable Town, MA",94110,56360,"Barnstable Town, MA Metro Area",48.2,"Barnstable Town, MA (Metropolitan Statistical Area)",98.351
12940,"Baton Rouge, LA",409690,48710,"Baton Rouge, LA Metro Area",30.4,"Baton Rouge, LA (Metropolitan Statistical Area)",90.78
12980,"Battle Creek, MI",54600,48690,"Battle Creek, MI Metro Area",22.9,"Battle Creek, MI (Metropolitan Statistical Area)",90.541
13020,"Bay City, MI",33810,45620,"Bay City, MI Metro Area",22.1,"Bay City, MI (Metropolitan Statistical Area)",91.921
13140,"Beaumont-Port Arthur, TX",163220,48630,"Beaumont-Port Arthur, TX Metro Area",19.5,"Beaumont-Port Arthur, TX (Metropolitan Statistical Area)",90.046
13220,"Beckley, WV",43080,41850,"Beckley, WV Metro Area",20.1,"Beckley, WV (Metropolitan Statistical Area)",88.369
13380,"Bellingham, WA",91390,57820,"Bellingham, WA Metro Area",39.3,"Bellingham, WA (Metropolitan Statistical Area)",103.334
13460,"Bend, OR",108240,54570,"Bend, OR Metro Area",40.4,"Bend, OR (Metropolitan Statistical Area)",103.607
13740,"Billings, MT",93800,49060,"Billings, MT Metro Area",34.1,"Billings, MT (Metropolitan Statistical Area)",93.526
13780,"Binghamton, NY",97030,49460,"Binghamton, NY Metro Area",29.8,"Binghamton, NY (Metropolitan Statistical Area)",92.863
13820,"Birmingham, AL",520290,47770,"Birmingham, AL Metro Area",33.7,"Birmingham, AL (Metropolitan Statistical Area)",91.644
13900,"Bismarck, ND",71270,52560,"Bismarck, ND Metro Area",36.3,"Bismarck, ND (Metropolitan Statistical Area)",91.024
13980,"Blacksburg-Christiansburg-Radford, VA",74070,48120,"Blacksburg-Christiansburg-Radford, VA Metro Area",35.9,"Blacksburg-Christiansburg-Radford, VA (Metropolitan Statistical Area)",92.71
14010,"Bloomington, IL",88110,53140,"Bloomington, IL Metro Area",47.2,"Bloomington, IL (Metropolitan Statistical Area)",93.537
14020,"Bloomington, IN",73240,47660,"Bloomington, IN Metro Area",44.3,"Bloomington, IN (Metropolitan Statistical Area)",95.084
14260,"Boise City, ID",391790,49100,"Boise City, ID Metro Area",37.1,"Boise City, ID (Metropolitan Statistical Area)",98.391
14460,"Boston-Cambridge-Newton, MA-NH",2703890,66620,"Boston-Cambridge-Newton, MA-NH Metro Area",51.9,"Boston-Cambridge-Newton, MA-NH (Metropolitan Statistical Area)",108.266
14500,"Boulder, CO",192390,69580,"Boulder, CO Metro Area",64.2,"Boulder, CO (Metropolitan Statistical Area)",105.202
14540,"Bowling Green, KY",82160,45040,"Bowling Green, KY Metro Area",27.3,"Bowling Green, KY (Metropolitan Statistical Area)",90.179
14580,"Bozeman, MT",72210,54830,"Bozeman, MT Metro Area",54.3,"Bozeman, MT (Metropolitan Statistical Area)",102.51
14740,"Bremerton-Silverdale-Port Orchard, WA",93740,63200,"Bremerton-Silverdale-Port Orchard, WA Metro Area",37.9,"Bremerton-Silverdale-Port Orchard, WA (Metropolitan Statistical Area)",105.607
14860,"Bridgeport-Stamford-Danbury, CT",404180,61470,"Bridgeport-Stamford-Danbury, CT Metro Area",50.9,"Bridgeport-Stamford-Danbury, CT Metropolitan Statistical Area",106.864
15180,"Brownsville-Harlingen, TX",157450,36490,"Brownsville-Harlingen, TX Metro Area",22.1,"Brownsville-Harlingen, TX (Metropolitan Statistical Area)",85.975
15260,"Brunswick-St. Simons, GA",46860,41940,"Brunswick-St. Simons, GA Metro Area",28.3,"Brunswick-St. Simons, GA (Metropolitan Statistical Area)",87.708
15380,"Buffalo-Cheektowaga, NY",534550,50790,"Buffalo-Cheektowaga, NY Metro Area",36.2,"Buffalo-Cheektowaga, NY (Metropolitan Statistical Area)",95.844
15500,"Burlington, NC",67830,44010,"Burlington, NC Metro Area",28.7,"Burlington, NC (Metropolitan Statistical Area)",93.196
15540,"Burlington-South Burlington, VT",120150,60020,"Burlington-South Burlington, VT Metro Area",50.2,"Burlington-South Burlington, VT (Metropolitan Statistical Area)",100.949
15940,"Canton-Massillon, OH",163080,45810,"Canton-Massillon, OH Metro Area",25.2,"Canton-Massillon, OH (Metropolitan Statistical Area)",89.406
15980,"Cape Coral-Fort Myers, FL",304790,46780,"Cape Coral-Fort Myers, FL Metro Area",31.2,"Cape Coral-Fort Myers, FL (Metropolitan Statistical Area)",102.349
16020,"Cape Girardeau, MO-IL",44680,44470,"Cape Girardeau, MO-IL Metro Area",29.8,"Cape Girardeau, MO-IL (Metropolitan Statistical Area)",86.078
16180,"Carson City, NV",31940,56680,"Carson City, NV Metro Area",23.7,"Carson City, NV (Metropolitan Statistical Area)",98.13
16220,"Casper, WY",40020,48880,"Casper, WY Metro Area",27.7,"Casper, WY (Metropolitan Statistical Area)",93.829
16300,"Cedar Rapids, IA",139260,49360,"Cedar Rapids, IA Metro Area",32.9,"Cedar Rapids, IA (Metropolitan Statistical Area)",88.963
16540,"Chambersburg, PA",60280,47540,"Chambersburg, PA Metro Area",24.7,"Chambersburg, PA (Metropolitan Statistical Area)",94.642
16580,"Champaign-Urbana, IL",105500,50700,"Champaign-Urbana, IL Metro Area",43.3,"Champaign-Urbana, IL (Metropolitan Statistical Area)",92.704
16620,"Charleston, WV",103450,45830,"Charleston, WV Metro Area",27.2,"Charleston, WV (Metropolitan Statistical Area)",88.717
16700,"Charleston-North Charleston, SC",394170,49150,"Charleston-North Charleston, SC Metro Area",40.8,"Charleston-North Charleston, SC (Metropolitan Statistical Area)",100.962
16740,"Charlotte-Concord-Gastonia, NC-SC",1358370,49990,"Charlotte-Concord-Gastonia, NC-SC Metro Area",39.9,"Charlotte-Concord-Gastonia, NC-SC (Metropolitan Statistical Area)",97.348
16820,"Charlottesville, VA",114780,55180,"Charlottesville, VA Metro Area",53.5,"Charlottesville, VA (Metropolitan Statistical Area)",99.146
16860,"Chattanooga, TN-GA",268750,46700,"Chattanooga, TN-GA Metro Area",31.9,"Chattanooga, TN-GA (Metropolitan Statistical Area)",91.464
16940,"Cheyenne, WY",48470,51540,"Cheyenne, WY Metro Area",33.1,"Cheyenne, WY (Metropolitan Statistical Area)",96.491
16980,"Chicago-Naperville-Elgin, IL-IN",4513280,54720,"Chicago-Naperville-Elgin, IL-IN Metro Area",41.6,"Chicago-Naperville-Elgin, IL-IN (Metropolitan Statistical Area)",103.595
17020,"Chico, CA",78220,48050,"Chico, CA Metro Area",31.9,"Chico, CA (Metropolitan Statistical Area)",101.197
17140,"Cincinnati, OH-KY-IN",1101030,50170,"Cincinnati, OH-KY-IN Metro Area",37.1,"Cincinnati, OH-KY-IN (Metropolitan Statistical Area)",95.37
17300,"Clarksville, TN-KY",103220,44860,"Clarksville, TN-KY Metro Area",27.7,"Clarksville, TN-KY (Metropolitan Statistical Area)",90.947
17410,"Cleveland, OH",1031130,50140,"Cleveland, OH Metro Area",34.1,"Cleveland, OH (Metropolitan Statistical Area)",93.923
17420,"Cleveland, TN",43010,40230,"Cleveland, TN Metro Area",23.3,"Cleveland, TN (Metropolitan Statistical Area)",88.08
17660,"Coeur d'Alene, ID",72280,47750,"Coeur d'Alene, ID Metro Area",30.0,"Coeur d'Alene, ID (Metropolitan Statistical Area)",98.293
17780,"College Station-Bryan, TX",134040,44470,"College Station-Bryan, TX Metro Area",39.7,"College Station-Bryan, TX (Metropolitan Statistical Area)",90.951
17820,"Colorado Springs, CO",316060,52710,"Colorado Springs, CO Metro Area",41.7,"Colorado Springs, CO (Metropolitan Statistical Area)",100.707
17860,"Columbia, MO",107680,47260,"Columbia, MO Metro Area",48.0,"Columbia, MO (Metropolitan Statistical Area)",89.438
17900,"Columbia, SC",394200,46430,"Columbia, SC Metro Area",35.4,"Columbia, SC (Metropolitan Statistical Area)",93.662
17980,"Columbus, GA-AL",116380,43540,"Columbus, GA-AL Metro Area",28.1,"Columbus, GA-AL (Metropolitan Statistical Area)",89.296
18020,"Columbus, IN",49820,48470,"Columbus, IN Metro Area",34.1,"Columbus, IN (Metropolitan Statistical Area)",93.003
18140,"Columbus, OH",1105580,51340,"Columbus, OH Metro Area",39.8,"Columbus, OH (Metropolitan Statistical Area)",95.469
18580,"Corpus Christi, TX",192580,45350,"Corpus Christi, TX Metro Area",23.2,"Corpus Christi, TX (Metropolitan Statistical Area)",92.671
18700,"Corvallis, OR",38550,57680,"Corvallis, OR Metro Area",54.2,"Corvallis, OR (Metropolitan Statistical Area)",104.017
18880,"Crestview-Fort Walton Beach-Destin, FL",125050,47510,"Crestview-Fort Walton Beach-Destin, FL Metro Area",34.9,"Crestview-Fort Walton Beach-Destin, FL (Metropolitan Statistical Area)",97.031
19100,"Dallas-Fort Worth-Arlington, TX",4049800,51440,"Dallas-Fort Worth-Arlington, TX Metro Area",39.4,"Dallas-Fort Worth-Arlington, TX (Metropolitan Statistical Area)",103.09
19140,"Dalton, GA",65300,42210,"Dalton, GA Metro Area",18.7,"Dalton, GA (Metropolitan Statistical Area)",89.844
19300,"Daphne-Fairhope-Foley, AL",87120,38520,"Daphne-Fairhope-Foley, AL Metro Area",33.7,"Daphne-Fairhope-Foley, AL (Metropolitan Statistical Area)",94.69
19340,"Davenport-Moline-Rock Island, IA-IL",180450,48550,"Davenport-Moline-Rock Island, IA-IL Metro Area",29.9,"Davenport-Moline-Rock Island, IA-IL (Metropolitan Statistical Area)",89.079
19430,"Dayton-Kettering-Beavercreek, OH",372660,49980,"Dayton-Kettering-Beavercreek, OH Metro Area",32.8,"Dayton-Kettering-Beavercreek, OH (Metropolitan Statistical Area)",92.694
19460,"Decatur, AL",61240,46280,"Decatur, AL Metro Area",21.5,"Decatur, AL (Metropolitan Statistical Area)",87.212
19500,"Decatur, IL",45550,51290,"Decatur, IL Metro Area",24.4,"Decatur, IL (Metropolitan Statistical Area)",88.422
19660,"Deltona-Daytona Beach-Ormond Beach, FL",219740,44940,"Deltona-Daytona Beach-Ormond Beach, FL Metro Area",28.9,"Deltona-Daytona Beach-Ormond Beach, FL (Metropolitan Statistical Area)",99.367
19740,"Denver-Aurora-Centennial, CO",1609350,62320,"Denver-Aurora-Centennial, CO Metro Area",49.4,"Denver-Aurora-Centennial, CO (Metropolitan Statistical Area)",105.782
19780,"Des Moines-West Des Moines, IA",404130,51820,"Des Moines-West Des Moines, IA Metro Area",39.7,"Des Moines-West Des Moines, IA (Metropolitan Statistical Area)",91.701
19820,"Detroit-Warren-Dearborn, MI",1904530,52080,"Detroit-Warren-Dearborn, MI Metro Area",34.8,"Detroit-Warren-Dearborn, MI (Metropolitan Statistical Area)",100.298
20020,"Dothan, AL",60720,38170,"Dothan, AL Metro Area",21.2,"Dothan, AL (Metropolitan Statistical Area)",83.833
20100,"Dover, DE",68080,46690,"Dover, DE Metro Area",27.5,"Dover, DE (Metropolitan Statistical Area)",97.507
20220,"Dubuque, IA",58470,48750,"Dubuque, IA Metro Area",33.4,"Dubuque, IA (Metropolitan Statistical Area)",87.328
20260,"Duluth, MN-WI",124710,50000,"Duluth, MN-WI Metro Area",31.8,"Duluth, MN-WI (Metropolitan Statistical Area)",88.768
20500,"Durham-Chapel Hill, NC",344020,60720,"Durham-Chapel Hill, NC Metro Area",53.4,"Durham-Chapel Hill, NC (Metropolitan Statistical Area)",97.572
20580,"Eagle Pass, TX",18820,35560,"Eagle Pass, TX Metro Area",14.3,"Eagle Pass, TX (Metropolitan Statistical Area)",83.805
20740,"Eau Claire, WI",86060,48100,"Eau Claire, WI Metro Area",31.6,"Eau Claire, WI (Metropolitan Statistical Area)",92.796
20940,"El Centro, CA",65430,45140,"El Centro, CA Metro Area",16.1,"El Centro, CA (Metropolitan Statistical Area)",95.174
21060,"Elizabethtown, KY",51540,46810,"Elizabethtown, KY Metro Area",23.7,"Elizabethtown, KY (Metropolitan Statistical Area)",90.572
21140,"Elkhart-Goshen, IN",127730,48070,"Elkhart-Goshen, IN Metro Area",20.1,"Elkhart-Goshen, IN (Metropolitan Statistical Area)",90.325
21300,"Elmira, NY",33600,47850,"Elmira, NY Metro Area",27.2,"Elmira, NY (Metropolitan Statistical Area)",94.398
21340,"El Paso, TX",339120,39510,"El Paso, TX Metro Area",25.9,"El Paso, TX (Metropolitan Statistical Area)",89.912
21420,"Enid, OK",23320,40500,"Enid, OK Metro Area",23.3,"Enid, OK (Metropolitan Statistical Area) *",84.269
21500,"Erie, PA",120480,44460,"Erie, PA Metro Area",30.3,"Erie, PA (Metropolitan Statistical Area)",90.95
21660,"Eugene-Springfield, OR",157710,49680,"Eugene-Springfield, OR Metro Area",34.0,"Eugene-Springfield, OR (Metropolitan Statistical Area)",101.568
21780,"Evansville, IN",135250,46540,"Evansville, IN Metro Area",29.3,"Evansville, IN (Metropolitan Statistical Area)",91.528
21820,"Fairbanks-College, AK",36430,61810,"Fairbanks-College, AK Metro Area",33.1,"Fairbanks-College, AK (Metropolitan Statistical Area)",103.208
22020,"Fargo, ND-MN",148660,51050,"Fargo, ND-MN Metro Area",41.8,"Fargo, ND-MN (Metropolitan Statistical Area)",90.871
22140,"Farmington, NM",47670,45820,"Farmington, NM Metro Area",18.3,"Farmington, NM (Metropolitan Statistical Area)",87.707
22180,"Fayetteville, NC",131430,45620,"Fayetteville, NC Metro Area",27.2,"Fayetteville, NC (Metropolitan Statistical Area)",91.978
22220,"Fayetteville-Springdale-Rogers, AR",275180,46610,"Fayetteville-Springdale-Rogers, AR Metro Area",35.9,"Fayetteville-Springdale-Rogers, AR (Metropolitan Statistical Area)",91.353
22380,"Flagstaff, AZ",66610,47500,"Flagstaff, AZ Metro Area",40.3,"Flagstaff, AZ (Metropolitan Statistical Area)",100.325
22420,"Flint, MI",135040,45880,"Flint, MI Metro Area",23.3,"Flint, MI (Metropolitan Statistical Area)",93.034
22500,"Florence, SC",89060,43520,"Florence, SC Metro Area",23.0,"Florence, SC (Metropolitan Statistical Area)",86.774
22520,"Florence-Muscle Shoals, AL",56100,39740,"Florence-Muscle Shoals, AL Metro Area",26.7,"Florence-Muscle Shoals, AL (Metropolitan Statistical Area)",84.817
22540,"Fond du Lac, WI",43900,50340,"Fond du Lac, WI Metro Area",22.3,"Fond du Lac, WI (Metropolitan Statistical Area)",91.643
22660,"Fort Collins-Loveland, CO",169430,55310,"Fort Collins-Loveland, CO Metro Area",53.0,"Fort Collins-Loveland, CO (Metropolitan Statistical Area)",101.128
22900,"Fort Smith, AR-OK",95560,39560,"Fort Smith, AR-OK Metro Area",21.0,"Fort Smith, AR-OK (Metropolitan Statistical Area)",85.888
23060,"Fort Wayne, IN",225520,47700,"Fort Wayne, IN Metro Area",30.2,"Fort Wayne, IN (Metropolitan Statistical Area)",92.572
23420,"Fresno, CA",476890,46910,"Fresno, CA Metro Area",23.4,"Fresno, CA (Metropolitan Statistical Area)",102.158
23460,"Gadsden, AL",33220,36660,"Gadsden, AL Metro Area",18.1,"Gadsden, AL (Metropolitan Statistical Area)",85.653
23540,"Gainesville, FL",152670,47020,"Gainesville, FL Metro Area",41.8,"Gainesville, FL (Metropolitan Statistical Area)",96.733
23580,"Gainesville, GA",103870,45900,"Gainesville, GA Metro Area",27.3,"Gainesville, GA (Metropolitan Statistical Area)",96.766
23900,"Gettysburg, PA",31940,46610,"Gettysburg, PA Metro Area",25.8,"Gettysburg, PA (Metropolitan Statistical Area)",95.379
24020,"Glens Falls, NY",50130,49090,"Glens Falls, NY Metro Area",29.7,"Glens Falls, NY (Metropolitan Statistical Area)",94.866
24140,"Goldsboro, NC",40320,40570,"Goldsboro, NC Metro Area",21.7,"Goldsboro, NC (Metropolitan Statistical Area)",88.462
24220,"Grand Forks, ND-MN",52000,49760,"Grand Forks, ND-MN Metro Area",34.8,"Grand Forks, ND-MN (Metropolitan Statistical Area)",86.663
24260,"Grand Island, NE",39520,49410,"Grand Island, NE Metro Area",21.5,"Grand Island, NE (Metropolitan Statistical Area)",86.657
24300,"Grand Junction, CO",67170,48510,"Grand Junction, CO Metro Area",32.3,"Grand Junction, CO (Metropolitan Statistical Area)",95.476
24340,"Grand Rapids-Wyoming-Kentwood, MI",598260,47570,"Grand Rapids-Wyoming-Kentwood, MI Metro Area",36.5,"Grand Rapids-Wyoming-Kentwood, MI (Metropolitan Statistical Area)",95.546
24420,"Grants Pass, OR",30540,50730,"Grants Pass, OR Metro Area",19.7,"Grants Pass, OR (Metropolitan Statistical Area)",97.76
24500,"Great Falls, MT",36510,46510,"Great Falls, MT Metro Area",28.4,"Great Falls, MT (Metropolitan Statistical Area)",96.845
24540,"Greeley, CO",119540,55070,"Greeley, CO Metro Area",33.2,"Greeley, CO (Metropolitan Statistical Area)",100.176
24580,"Green Bay, WI",174550,49940,"Green Bay, WI Metro Area",30.9,"Green Bay, WI (Metropolitan Statistical Area)",93.086
24660,"Greensboro-High Point, NC",365410,46570,"Greensboro-High Point, NC Metro Area",32.2,"Greensboro-High Point, NC (Metropolitan Statistical Area)",92.865
24780,"Greenville, NC",80770,46560,"Greenville, NC Metro Area",33.8,"Greenville, NC (Metropolitan Statistical Area)",88.402
24860,"Greenville-Anderson-Greer, SC",434900,46580,"Greenville-Anderson-Greer, SC Metro Area",34.6,"Greenville-Anderson-Greer, SC (Metropolitan Statistical Area)",93.26
25060,"Gulfport-Biloxi, MS",158310,43470,"Gulfport-Biloxi, MS Metro Area",26.7,"Gulfport-Biloxi, MS (Metropolitan Statistical Area)",90.006
25180,"Hagerstown-Martinsburg, MD-WV",107170,47440,"Hagerstown-Martinsburg, MD-WV Metro Area",24.2,"Hagerstown-Martinsburg, MD-WV (Metropolitan Statistical Area)",94.171
25220,"Hammond, LA",47820,38480,"Hammond, LA Metro Area",20.8,"Hammond, LA (Metropolitan Statistical Area)",84.46
25260,"Hanford-Corcoran, CA",48820,48470,"Hanford-Corcoran, CA Metro Area",13.6,"Hanford-Corcoran, CA (Metropolitan Statistical Area)",101.612
25420,"Harrisburg-Carlisle, PA",335010,49610,"Harrisburg-Carlisle, PA Metro Area",35.8,"Harrisburg-Carlisle, PA (Metropolitan Statistical Area)",98.65
25500,"Harrisonburg, VA",65460,46110,"Harrisonburg, VA Metro Area",31.6,"Harrisonburg, VA (Metropolitan Statistical Area)",94.892
25540,"Hartford-West Hartford-East Hartford, CT",599770,59940,"Hartford-West Hartford-East Hartford, CT Metro Area",42.7,"Hartford-West Hartford-East Hartford, CT (Metropolitan Statistical Area)",102.746
25620,"Hattiesburg, MS",62230,37750,"Hattiesburg, MS Metro Area",30.9,"Hattiesburg, MS (Metropolitan Statistical Area)",87.633
25740,"Helena, MT",44420,55040,"Helena, MT Metro Area",40.2,"Helena, MT (Metropolitan Statistical Area)",95.675
25860,"Hickory-Lenoir-Morganton, NC",154090,45220,"Hickory-Lenoir-Morganton, NC Metro Area",22.3,"Hickory-Lenoir-Morganton, NC (Metropolitan Statistical Area)",88.486
25940,"Hilton Head Island-Bluffton-Port Royal, SC",81920,43850,"Hilton Head Island-Bluffton-Port Royal, SC Metro Area",43.1,"Hilton Head Island-Bluffton-Port Royal, SC (Metropolitan Statistical Area)",98.017
25980,"Hinesville, GA",20330,46670,"Hinesville, GA Metro Area",18.8,"Hinesville, GA (Metropolitan Statistical Area)",93.933
26140,"Homosassa Springs, FL",35580,41360,"Homosassa Springs, FL Metro Area",20.6,"Homosassa Springs, FL (Metropolitan Statistical Area)",93.467
26300,"Hot Springs, AR",38600,36540,"Hot Springs, AR Metro Area",25.3,"Hot Springs, AR (Metropolitan Statistical Area)",85.73
26380,"Houma-Bayou Cane-Thibodaux, LA",83440,45610,"Houma-Bayou Cane-Thibodaux, LA Metro Area",19.9,"Houma-Bayou Cane-Thibodaux, LA (Metropolitan Statistical Area)",85.103
26420,"Houston-Pasadena-The Woodlands, TX",3289720,49410,"Houston-Pasadena-The Woodlands, TX Metro Area",36.0,"Houston-Pasadena-The Woodlands, TX (Metropolitan Statistical Area)",98.629
26580,"Huntington-Ashland, WV-KY-OH",140740,44600,"Huntington-Ashland, WV-KY-OH Metro Area",23.5,"Huntington-Ashland, WV-KY-OH (Metropolitan Statistical Area)",88.422
26620,"Huntsville, AL",266650,51740,"Huntsville, AL Metro Area",42.9,"Huntsville, AL (Metropolitan Statistical Area)",93.072
26820,"Idaho Falls, ID",81840,46800,"Idaho Falls, ID Metro Area",31.7,"Idaho Falls, ID (Metropolitan Statistical Area)",94.412
26900,"Indianapolis-Carmel-Greenwood, IN",1105170,49340,"Indianapolis-Carmel-Greenwood, IN Metro Area",38.5,"Indianapolis-Carmel-Greenwood, IN (Metropolitan Statistical Area)",95.696
26980,"Iowa City, IA",93760,50060,"Iowa City, IA Metro Area",51.1,"Iowa City, IA (Metropolitan Statistical Area)",91.509
27060,"Ithaca, NY",47980,58130,"Ithaca, NY Metro Area",58.8,"Ithaca, NY (Metropolitan Statistical Area)",103.317
27100,"Jackson, MI",55930,47760,"Jackson, MI Metro Area",23.4,"Jackson, MI (Metropolitan Statistical Area)",91.779
27140,"Jackson, MS",270730,42850,"Jackson, MS Metro Area",32.2,"Jackson, MS (Metropolitan Statistical Area)",89.048
27180,"Jackson, TN",84530,44790,"Jackson, TN Metro Area",23.7,"Jackson, TN (Metropolitan Statistical Area)",85.522
27260,"Jacksonville, FL",765930,48830,"Jacksonville, FL Metro Area",36.5,"Jacksonville, FL (Metropolitan Statistical Area)",99.484
27340,"Jacksonville, NC",52570,40230,"Jacksonville, NC Metro Area",26.0,"Jacksonville, NC (Metropolitan Statistical Area)",92.085
27500,"Janesville-Beloit, WI",69870,48390,"Janesville-Beloit, WI Metro Area",25.8,"Janesville-Beloit, WI (Metropolitan Statistical Area)",93.703
27620,"Jefferson City, MO",80220,48030,"Jefferson City, MO Metro Area",31.1,"Jefferson City, MO (Metropolitan Statistical Area)",87.975
27740,"Johnson City, TN",81690,43480,"Johnson City, TN Metro Area",29.3,"Johnson City, TN (Metropolitan Statistical Area)",87.928
27780,"Johnstown, PA",47810,44110,"Johnstown, PA Metro Area",23.9,"Johnstown, PA (Metropolitan Statistical Area)",85.929
27860,"Jonesboro, AR",60620,42240,"Jonesboro, AR Metro Area",26.5,"Jonesboro, AR (Metropolitan Statistical Area)",85.876
27900,"Joplin, MO-KS",87190,44980,"Joplin, MO-KS Metro Area",24.2,"Joplin, MO-KS (Metropolitan Statistical Area)",85.718
27980,"Kahului-Wailuku, HI",73750,57640,"Kahului-Wailuku, HI Metro Area",31.0,"Kahului-Wailuku, HI (Metropolitan Statistical Area)",109.393
28020,"Kalamazoo-Portage, MI",121790,48510,"Kalamazoo-Portage, MI Metro Area",41.3,"Kalamazoo-Portage, MI (Metropolitan Statistical Area)",94.84
28100,"Kankakee, IL",42340,45830,"Kankakee, IL Metro Area",21.2,"Kankakee, IL (Metropolitan Statistical Area)",96.394
28140,"Kansas City, MO-KS",1096110,50820,"Kansas City, MO-KS Metro Area",39.8,"Kansas City, MO-KS (Metropolitan Statistical Area)",92.543
28420,"Kennewick-Richland, WA",129490,57290,"Kennewick-Richland, WA Metro Area",29.6,"Kennewick-Richland, WA (Metropolitan Statistical Area)",100.079
28450,"Kenosha, WI",75450,48310,"Kenosha, WI Metro Area",31.2,"Kenosha, WI (Metropolitan Statistical Area)",101.118
28660,"Killeen-Temple, TX",150580,46660,"Killeen-Temple, TX Metro Area",25.6,"Killeen-Temple, TX (Metropolitan Statistical Area)",91.132
28700,"Kingsport-Bristol, TN-VA",119560,45240,"Kingsport-Bristol, TN-VA Metro Area",23.9,"Kingsport-Bristol, TN-VA (Metropolitan Statistical Area)",86.447
28740,"Kingston, NY",59140,50020,"Kingston, NY Metro Area",38.2,"Kingston, NY (Metropolitan Statistical Area)",100.709
28880,"Kiryas Joel-Poughkeepsie-Newburgh, NY",268970,50990,"Kiryas Joel-Poughkeepsie-Newburgh, NY Metro Area",36.6,"Kiryas Joel-Poughkeepsie-Newburgh, NY (Metropolitan Statistical Area)",109.422
28940,"Knoxville, TN",424600,47080,"Knoxville, TN Metro Area",32.7,"Knoxville, TN (Metropolitan Statistical Area)",92.569
29020,"Kokomo, IN",35500,48980,"Kokomo, IN Metro Area",20.8,"Kokomo, IN (Metropolitan Statistical Area)",89.648
29100,"La Crosse-Onalaska, WI-MN",84380,48260,"La Crosse-Onalaska, WI-MN Metro Area",33.6,"La Crosse-Onalaska, WI-MN (Metropolitan Statistical Area)",91.769
29180,"Lafayette, LA",179570,41780,"Lafayette, LA Metro Area",27.6,"Lafayette, LA (Metropolitan Statistical Area)",87.209
29200,"Lafayette-West Lafayette, IN",102200,48780,"Lafayette-West Lafayette, IN Metro Area",36.0,"Lafayette-West Lafayette, IN (Metropolitan Statistical Area)",93.43
29340,"Lake Charles, LA",101690,45700,"Lake Charles, LA Metro Area",23.4,"Lake Charles, LA (Metropolitan Statistical Area)",85.852
29420,"Lake Havasu City-Kingman, AZ",56490,44230,"Lake Havasu City-Kingman, AZ Metro Area",15.2,"Lake Havasu City-Kingman, AZ (Metropolitan Statistical Area)",94.098
29460,"Lakeland-Winter Haven, FL",265280,46140,"Lakeland-Winter Haven, FL Metro Area",23.5,"Lakeland-Winter Haven, FL (Metropolitan Statistical Area)",97.141
29540,"Lancaster, PA",252230,48210,"Lancaster, PA Metro Area",32.4,"Lancaster, PA (Metropolitan Statistical Area)",98.257
29620,"Lansing-East Lansing, MI",217180,52800,"Lansing-East Lansing, MI Metro Area",37.5,"Lansing-East Lansing, MI (Metropolitan Statistical Area)",94.991
29700,"Laredo, TX",109370,37250,"Laredo, TX Metro Area",21.4,"Laredo, TX (Metropolitan Statistical Area)",86.956
29740,"Las Cruces, NM",80000,42070,"Las Cruces, NM Metro Area",31.7,"Las Cruces, NM (Metropolitan Statistical Area)",90.212
29820,"Las Vegas-Henderson-North Las Vegas, NV",1136960,46670,"Las Vegas-Henderson-North Las Vegas, NV Metro Area",27.8,"Las Vegas-Henderson-North Las Vegas, NV (Metropolitan Statistical Area)",100.215
29940,"Lawrence, KS",51750,47390,"Lawrence, KS Metro Area",53.2,"Lawrence, KS (Metropolitan Statistical Area)",90.243
30020,"Lawton, OK",42810,42090,"Lawton, OK Metro Area",24.2,"Lawton, OK (Metropolitan Statistical Area)",85.941
30140,"Lebanon, PA",53710,46500,"Lebanon, PA Metro Area",24.3,"Lebanon, PA (Metropolitan Statistical Area)",93.214
30300,"Lewiston, ID-WA",28680,48300,"Lewiston, ID-WA Metro Area",26.3,"Lewiston, ID-WA (Metropolitan Statistical Area)",91.16
30340,"Lewiston-Auburn, ME",47660,49540,"Lewiston-Auburn, ME Metro Area",23.4,"Lewiston-Auburn, ME (Metropolitan Statistical Area)",94.736
30460,"Lexington-Fayette, KY",286910,48620,"Lexington-Fayette, KY Metro Area",42.0,"Lexington-Fayette, KY (Metropolitan Statistical Area)",92.889
30500,"Lexington Park, MD",70650,63990,"Lexington Park, MD Metro Area",36.7,"Lexington Park, MD (Metropolitan Statistical Area)",100.76
30620,"Lima, OH",49950,47170,"Lima, OH Metro Area",20.1,"Lima, OH (Metropolitan Statistical Area)",89.669
30700,"Lincoln, NE",182620,49800,"Lincoln, NE Metro Area",41.4,"Lincoln, NE (Metropolitan Statistical Area)",91.581
30780,"Little Rock-North Little Rock-Conway, AR",358210,45790,"Little Rock-North Little Rock-Conway, AR Metro Area",33.7,"Little Rock-North Little Rock-Conway, AR (Metropolitan Statistical Area)",89.364
30860,"Logan, UT-ID",66800,46360,"Logan, UT-ID Metro Area",40.2,"Logan, UT-ID (Metropolitan Statistical Area)",95.927
30980,"Longview, TX",118060,45150,"Longview, TX Metro Area",21.1,"Longview, TX (Metropolitan Statistical Area)",89.485
31020,"Longview-Kelso, WA",41070,57420,"Longview-Kelso, WA Metro Area",17.6,"Longview-Kelso, WA (Metropolitan Statistical Area)",97.545
31080,"Los Angeles-Long Beach-Anaheim, CA",6271560,55850,"Los Angeles-Long Beach-Anaheim, CA Metro Area",38.0,"Los Angeles-Long Beach-Anaheim, CA (Metropolitan Statistical Area)",113.566
31140,"Louisville/Jefferson County, KY-IN",685190,48370,"Louisville/Jefferson County, KY-IN Metro Area",32.9,"Louisville/Jefferson County, KY-IN (Metropolitan Statistical Area)",93.074
31180,"Lubbock, TX",166780,42130,"Lubbock, TX Metro Area",31.6,"Lubbock, TX (Metropolitan Statistical Area)",91.317
31340,"Lynchburg, VA",97190,46190,"Lynchburg, VA Metro Area",31.1,"Lynchburg, VA (Metropolitan Statistical Area)",89.363
31420,"Macon-Bibb County, GA",95030,45160,"Macon-Bibb County, GA Metro Area",24.3,"Macon-Bibb County, GA (Metropolitan Statistical Area)",88.528
31540,"Madison, WI",408070,58080,"Madison, WI Metro Area",50.1,"Madison, WI (Metropolitan Statistical Area)",97.287
31700,"Manchester-Nashua, NH",199560,56530,"Manchester-Nashua, NH Metro Area",41.5,"Manchester-Nashua, NH (Metropolitan Statistical Area)",105.657
31740,"Manhattan, KS",53500,45900,"Manhattan, KS Metro Area",40.4,"Manhattan, KS (Metropolitan Statistical Area)",90.162
31860,"Mankato, MN",56180,49530,"Mankato, MN Metro Area",34.8,"Mankato, MN (Metropolitan Statistical Area)",90.955
31900,"Mansfield, OH",48770,44700,"Mansfield, OH Metro Area",17.9,"Mansfield, OH (Metropolitan Statistical Area)",88.872
32580,"McAllen-Edinburg-Mission, TX",296700,35830,"McAllen-Edinburg-Mission, TX Metro Area",20.6,"McAllen-Edinburg-Mission, TX (Metropolitan Statistical Area)",85.895
32780,"Medford, OR",89060,49900,"Medford, OR Metro Area",31.7,"Medford, OR (Metropolitan Statistical Area)",101.433
32820,"Memphis, TN-MS-AR",611670,46890,"Memphis, TN-MS-AR Metro Area",31.0,"Memphis, TN-MS-AR (Metropolitan Statistical Area)",92.179
32900,"Merced, CA",79510,47220,"Merced, CA Metro Area",15.3,"Merced, CA (Metropolitan Statistical Area)",98.275
33100,"Miami-Fort Lauderdale-West Palm Beach, FL",2819940,48640,"Miami-Fort Lauderdale-West Palm Beach, FL Metro Area",36.7,"Miami-Fort Lauderdale-West Palm Beach, FL (Metropolitan Statistical Area)",114.155
33140,"Michigan City-La Porte, IN",40840,45540,"Michigan City-La Porte, IN Metro Area",22.7,"Michigan City-La Porte, IN (Metropolitan Statistical Area)",91.682
33220,"Midland, MI",37300,49340,"Midland, MI Metro Area",36.6,"Midland, MI (Metropolitan Statistical Area)",91.921
33260,"Midland, TX",122180,54480,"Midland, TX Metro Area",30.7,"Midland, TX (Metropolitan Statistical Area)",95.783
33340,"Milwaukee-Waukesha, WI",820780,51160,"Milwaukee-Waukesha, WI Metro Area",39.6,"Milwaukee-Waukesha, WI (Metropolitan Statistical Area)",96.937
33460,"Minneapolis-St. Paul-Bloomington, MN-WI",1951650,59320,"Minneapolis-St. Paul-Bloomington, MN-WI Metro Area",45.4,"Minneapolis-St. Paul-Bloomington, MN-WI (Metropolitan Statistical Area)",104.822
33500,"Minot, ND",33260,48940,"Minot, ND Metro Area",28.6,"Minot, ND (Metropolitan Statistical Area)",87.028
33540,"Missoula, MT",67070,47830,"Missoula, MT Metro Area",46.5,"Missoula, MT (Metropolitan Statistical Area)",96.445
33660,"Mobile, AL",172550,47000,"Mobile, AL Metro Area",26.0,"Mobile, AL (Metropolitan Statistical Area)",88.098
33700,"Modesto, CA",195230,50610,"Modesto, CA Metro Area",19.6,"Modesto, CA (Metropolitan Statistical Area)",104.108
33740,"Monroe, LA",87500,38150,"Monroe, LA Metro Area",24.6,"Monroe, LA (Metropolitan Statistical Area)",83.597
33780,"Monroe, MI",40740,46240,"Monroe, MI Metro Area",23.3,"Monroe, MI (Metropolitan Statistical Area)",93.492
33860,"Montgomery, AL",165550,44950,"Montgomery, AL Metro Area",30.9,"Montgomery, AL (Metropolitan Statistical Area)",89.682
34060,"Morgantown, WV",67370,47350,"Morgantown, WV Metro Area",40.1,"Morgantown, WV (Metropolitan Statistical Area)",93.323
34100,"Morristown, TN",47290,44280,"Morristown, TN Metro Area",20.4,"Morristown, TN (Metropolitan Statistical Area)",86.364
34580,"Mount Vernon-Anacortes, WA",52600,59590,"Mount Vernon-Anacortes, WA Metro Area",30.2,"Mount Vernon-Anacortes, WA (Metropolitan Statistical Area)",102.443
34620,"Muncie, IN",44740,44110,"Muncie, IN Metro Area",26.2,"Muncie, IN (Metropolitan Statistical Area)",88.148
34740,"Muskegon-Norton Shores, MI",62340,46060,"Muskegon-Norton Shores, MI Metro Area",21.3,"Muskegon-Norton Shores, MI (Metropolitan Statistical Area)",92.519
34820,"Myrtle Beach-Conway-North Myrtle Beach, SC",146260,37930,"Myrtle Beach-Conway-North Myrtle Beach, SC Metro Area",27.1,"Myrtle Beach-Conway-North Myrtle Beach, SC (Metropolitan Statistical Area)",93.642
34900,"Napa, CA",77860,55210,"Napa, CA Metro Area",39.8,"Napa, CA (Metropolitan Statistical Area)",112.554
34940,"Naples-Marco Island, FL",173880,47800,"Naples-Marco Island, FL Metro Area",40.3,"Naples-Marco Island, FL (Metropolitan Statistical Area)",103.2
34980,"Nashville-Davidson--Murfreesboro--Franklin, TN",1099300,50390,"Nashville-Davidson--Murfreesboro--Franklin, TN Metro Area",40.9,"Nashville-Davidson--Murfreesboro--Franklin, TN (Metropolitan Statistical Area)",96.338
35300,"New Haven, CT",281410,60060,"New Haven, CT Metro Area",42.0,"New Haven, CT (Metropolitan Statistical Area)",104.559
35380,"New Orleans-Metairie, LA",445550,47290,"New Orleans-Metairie, LA Metro Area",33.4,"New Orleans-Metairie, LA (Metropolitan Statistical Area)",92.597
35620,"New York-Newark-Jersey City, NY-NJ",9492000,61430,"New York-Newark-Jersey City, NY-NJ Metro Area",44.2,"New York-Newark-Jersey City, NY-NJ (Metropolitan Statistical Area)",112.563
35660,"Niles, MI",59970,45980,"Niles, MI Metro Area",30.9,"Niles, MI (Metropolitan Statistical Area)",92.37
35840,"North Port-Bradenton-Sarasota, FL",339940,47440,"North Port-Bradenton-Sarasota, FL Metro Area",38.3,"North Port-Bradenton-Sarasota, FL (Metropolitan Statistical Area)",102.417
35980,"Norwich-New London-Willimantic, CT",126450,57370,"Norwich-New London-Willimantic, CT Metro Area",35.8,"Norwich-New London-Willimantic, CT (Metropolitan Statistical Area)",100.445
36100,"Ocala, FL",120980,43990,"Ocala, FL Metro Area",23.4,"Ocala, FL (Metropolitan Statistical Area)",95.234
36220,"Odessa, TX",80910,48590,"Odessa, TX Metro Area",17.6,"Odessa, TX (Metropolitan Statistical Area)",93.896
36260,"Ogden, UT",271370,48900,"Ogden, UT Metro Area",34.7,"Ogden, UT (Metropolitan Statistical Area)",100.349
36420,"Oklahoma City, OK",677680,47230,"Oklahoma City, OK Metro Area",34.1,"Oklahoma City, OK (Metropolitan Statistical Area)",90.408
36500,"Olympia-Lacey-Tumwater, WA",130300,61960,"Olympia-Lacey-Tumwater, WA Metro Area",38.5,"Olympia-Lacey-Tumwater, WA (Metropolitan Statistical Area)",103.67
36540,"Omaha, NE-IA",498100,49660,"Omaha, NE-IA Metro Area",39.3,"Omaha, NE-IA (Metropolitan Statistical Area)",91.911
36740,"Orlando-Kissimmee-Sanford, FL",1411730,46630,"Orlando-Kissimmee-Sanford, FL Metro Area",36.7,"Orlando-Kissimmee-Sanford, FL (Metropolitan Statistical Area)",101.418
36780,"Oshkosh-Neenah, WI",93750,54060,"Oshkosh-Neenah, WI Metro Area",31.1,"Oshkosh-Neenah, WI (Metropolitan Statistical Area)",92.929
36980,"Owensboro, KY",49450,44960,"Owensboro, KY Metro Area",25.5,"Owensboro, KY (Metropolitan Statistical Area)",88.61
37100,"Oxnard-Thousand Oaks-Ventura, CA",323890,52510,"Oxnard-Thousand Oaks-Ventura, CA Metro Area",36.1,"Oxnard-Thousand Oaks-Ventura, CA (Metropolitan Statistical Area)",110.534
37140,"Paducah, KY-IL",50270,45860,"Paducah, KY-IL Metro Area",24.7,"Paducah, KY-IL (Metropolitan Statistical Area)",86.084
37340,"Palm Bay-Melbourne-Titusville, FL",245170,49030,"Palm Bay-Melbourne-Titusville, FL Metro Area",34.2,"Palm Bay-Melbourne-Titusville, FL (Metropolitan Statistical Area)",100.005
37460,"Panama City-Panama City Beach, FL",90610,45030,"Panama City-Panama City Beach, FL Metro Area",27.4,"Panama City-Panama City Beach, FL (Metropolitan Statistical Area)",97.296
37620,"Parkersburg-Vienna, WV",36280,42000,"Parkersburg-Vienna, WV Metro Area",23.6,"Parkersburg-Vienna, WV (Metropolitan Statistical Area)",87.066
37860,"Pensacola-Ferry Pass-Brent, FL",190480,46240,"Pensacola-Ferry Pass-Brent, FL Metro Area",30.6,"Pensacola-Ferry Pass-Brent, FL (Metropolitan Statistical Area)",97.717
37900,"Peoria, IL",166020,49590,"Peoria, IL Metro Area",31.8,"Peoria, IL (Metropolitan Statistical Area)",91.231
37980,"Philadelphia-Camden-Wilmington, PA-NJ-DE-MD",2897830,54310,"Philadelphia-Camden-Wilmington, PA-NJ-DE-MD Metro Area",42.2,"Philadelphia-Camden-Wilmington, PA-NJ-DE-MD (Metropolitan Statistical Area)",102.554
38060,"Phoenix-Mesa-Chandler, AZ",2375760,51380,"Phoenix-Mesa-Chandler, AZ Metro Area",35.3,"Phoenix-Mesa-Chandler, AZ (Metropolitan Statistical Area)",103.316
38240,"Pinehurst-Southern Pines, NC",42900,42920,"Pinehurst-Southern Pines, NC Metro Area",41.0,"Pinehurst-Southern Pines, NC (Metropolitan Statistical Area)",88.336
38300,"Pittsburgh, PA",1114490,49650,"Pittsburgh, PA Metro Area",38.2,"Pittsburgh, PA (Metropolitan Statistical Area)",94.671
38340,"Pittsfield, MA",56810,51860,"Pittsfield, MA Metro Area",40.0,"Pittsfield, MA (Metropolitan Statistical Area)",95.106
38540,"Pocatello, ID",38290,45160,"Pocatello, ID Metro Area",30.6,"Pocatello, ID (Metropolitan Statistical Area)",88.906
38860,"Portland-South Portland, ME",288480,56960,"Portland-South Portland, ME Metro Area",45.9,"Portland-South Portland, ME (Metropolitan Statistical Area)",101.858
38900,"Portland-Vancouver-Hillsboro, OR-WA",1208410,60690,"Portland-Vancouver-Hillsboro, OR-WA Metro Area",42.5,"Portland-Vancouver-Hillsboro, OR-WA (Metropolitan Statistical Area)",105.421
38940,"Port St. Lucie, FL",170820,46490,"Port St. Lucie, FL Metro Area",30.0,"Port St. Lucie, FL (Metropolitan Statistical Area)",100.228
39150,"Prescott Valley-Prescott, AZ",72300,46330,"Prescott Valley-Prescott, AZ Metro Area",30.3,"Prescott Valley-Prescott, AZ (Metropolitan Statistical Area)",98.255
39300,"Providence-Warwick, RI-MA",714120,53680,"Providence-Warwick, RI-MA Metro Area",35.3,"Providence-Warwick, RI-MA (Metropolitan Statistical Area)",101.773
39340,"Provo-Orem-Lehi, UT",304660,48010,"Provo-Orem-Lehi, UT Metro Area",43.9,"Provo-Orem-Lehi, UT (Metropolitan Statistical Area)",98.232
39380,"Pueblo, CO",61780,48940,"Pueblo, CO Metro Area",25.6,"Pueblo, CO (Metropolitan Statistical Area)",91.762
39460,"Punta Gorda, FL",57530,45500,"Punta Gorda, FL Metro Area",27.0,"Punta Gorda, FL (Metropolitan Statistical Area)",100.525
39540,"Racine-Mount Pleasant, WI",76280,48870,"Racine-Mount Pleasant, WI Metro Area",28.4,"Racine-Mount Pleasant, WI (Metropolitan Statistical Area)",95.961
39580,"Raleigh-Cary, NC",743120,51990,"Raleigh-Cary, NC Metro Area",51.2,"Raleigh-Cary, NC (Metropolitan Statistical Area)",98.157
39660,"Rapid City, SD",73820,46270,"Rapid City, SD Metro Area",33.1,"Rapid City, SD (Metropolitan Statistical Area)",89.16
39740,"Reading, PA",174670,49440,"Reading, PA Metro Area",27.7,"Reading, PA (Metropolitan Statistical Area)",97.06
39820,"Redding, CA",71550,48920,"Redding, CA Metro Area",23.8,"Redding, CA (Metropolitan Statistical Area)",100.684
39900,"Reno, NV",275680,49660,"Reno, NV Metro Area",32.2,"Reno, NV (Metropolitan Statistical Area)",101.014
40060,"Richmond, VA",660350,51460,"Richmond, VA Metro Area",41.1,"Richmond, VA (Metropolitan Statistical Area)",97.858
40140,"Riverside-San Bernardino-Ontario, CA",1716760,48400,"Riverside-San Bernardino-Ontario, CA Metro Area",24.5,"Riverside-San Bernardino-Ontario, CA (Metropolitan Statistical Area)",106.442
40220,"Roanoke, VA",153980,47140,"Roanoke, VA Metro Area",31.3,"Roanoke, VA (Metropolitan Statistical Area)",93.618
40340,"Rochester, MN",122980,60620,"Rochester, MN Metro Area",43.0,"Rochester, MN (Metropolitan Statistical Area)",90.821
40380,"Rochester, NY",494280,51210,"Rochester, NY Metro Area",38.2,"Rochester, NY (Metropolitan Statistical Area)",97.035
40420,"Rockford, IL",137650,47120,"Rockford, IL Metro Area",25.0,"Rockford, IL (Metropolitan Statistical Area)",92.154
40580,"Rocky Mount, NC",54630,43960,"Rocky Mount, NC Metro Area",20.5,"Rocky Mount, NC (Metropolitan Statistical Area)",88.012
40660,"Rome, GA",44900,42670,"Rome, GA Metro Area",25.9,"Rome, GA (Metropolitan Statistical Area)",90.161
40900,"Sacramento-Roseville-Folsom, CA",1080590,59750,"Sacramento-Roseville-Folsom, CA Metro Area",37.1,"Sacramento-Roseville-Folsom, CA (Metropolitan Statistical Area)",106.67
40980,"Saginaw, MI",80000,46200,"Saginaw, MI Metro Area",24.4,"Saginaw, MI (Metropolitan Statistical Area)",90.891
41060,"St. Cloud, MN",103920,50840,"St. Cloud, MN Metro Area",28.2,"St. Cloud, MN (Metropolitan Statistical Area)",87.632
41100,"St. George, UT",90500,45140,"St. George, UT Metro Area",35.2,"St. George, UT (Metropolitan Statistical Area)",97.321
41140,"St. Joseph, MO-KS",54390,47350,"St. Joseph, MO-KS Metro Area",23.8,"St. Joseph, MO-KS (Metropolitan Statistical Area)",86.382
41180,"St. Louis, MO-IL",1341320,49990,"St. Louis, MO-IL Metro Area",38.2,"St. Louis, MO-IL (Metropolitan Statistical Area)",95.088
41420,"Salem, OR",188620,55310,"Salem, OR Metro Area",27.1,"Salem, OR (Metropolitan Statistical Area)",103.649
41500,"Salinas, CA",186430,47380,"Salinas, CA Metro Area",28.2,"Salinas, CA (Metropolitan Statistical Area)",109.042
41540,"Salisbury, MD",53770,48710,"Salisbury, MD Metro Area",27.4,"Salisbury, MD (Metropolitan Statistical Area)",95.617
41620,"Salt Lake City-Murray, UT",826210,55240,"Salt Lake City-Murray, UT Metro Area",38.4,"Salt Lake City-Murray, UT (Metropolitan Statistical Area)",100.868
41660,"San Angelo, TX",49770,43530,"San Angelo, TX Metro Area",25.5,"San Angelo, TX (Metropolitan Statistical Area)",92.453
41700,"San Antonio-New Braunfels, TX",1126880,47010,"San Antonio-New Braunfels, TX Metro Area",32.3,"San Antonio-New Braunfels, TX (Metropolitan Statistical Area)",94.716
41740,"San Diego-Chula Vista-Carlsbad, CA",1538060,58690,"San Diego-Chula Vista-Carlsbad, CA Metro Area",43.2,"San Diego-Chula Vista-Carlsbad, CA (Metropolitan Statistical Area)",111.887
41780,"Sandusky, OH",50100,44970,"Sandusky, OH Metro Area",29.2,"Sandusky, OH (Metropolitan Statistical Area)",89.281
41860,"San Francisco-Oakland-Fremont, CA",2373920,74260,"San Francisco-Oakland-Fremont, CA Metro Area",52.9,"San Francisco-Oakland-Fremont, CA (Metropolitan Statistical Area)",115.613
41940,"San Jose-Sunnyvale-Santa Clara, CA",1134970,84050,"San Jose-Sunnyvale-Santa Clara, CA Metro Area",55.5,"San Jose-Sunnyvale-Santa Clara, CA (Metropolitan Statistical Area)",110.423
42020,"San Luis Obispo-Paso Robles, CA",122020,50770,"San Luis Obispo-Paso Robles, CA Metro Area",39.8,"San Luis Obispo-Paso Robles, CA (Metropolitan Statistical Area)",108.596
42100,"Santa Cruz-Watsonville, CA",98500,54730,"Santa Cruz-Watsonville, CA Metro Area",43.9,"Santa Cruz-Watsonville, CA (Metropolitan Statistical Area)",109.896
42140,"Santa Fe, NM",61770,48710,"Santa Fe, NM Metro Area",46.1,"Santa Fe, NM (Metropolitan Statistical Area)",98.767
42200,"Santa Maria-Santa Barbara, CA",200760,51690,"Santa Maria-Santa Barbara, CA Metro Area",36.8,"Santa Maria-Santa Barbara, CA (Metropolitan Statistical Area)",108.798
42220,"Santa Rosa-Petaluma, CA",205260,56850,"Santa Rosa-Petaluma, CA Metro Area",38.5,"Santa Rosa-Petaluma, CA (Metropolitan Statistical Area)",107.784
42340,"Savannah, GA",198360,47240,"Savannah, GA Metro Area",35.8,"Savannah, GA (Metropolitan Statistical Area)",95.206
42540,"Scranton--Wilkes-Barre, PA",255620,46330,"Scranton--Wilkes-Barre, PA Metro Area",27.2,"Scranton--Wilkes-Barre, PA (Metropolitan Statistical Area)",93.556
42660,"Seattle-Tacoma-Bellevue, WA",2086210,72610,"Seattle-Tacoma-Bellevue, WA Metro Area",47.2,"Seattle-Tacoma-Bellevue, WA (Metropolitan Statistical Area)",111.133
42680,"Sebastian-Vero Beach-West Vero Corridor, FL",57620,45480,"Sebastian-Vero Beach-West Vero Corridor, FL Metro Area",33.8,"Sebastian-Vero Beach-West Vero Corridor, FL (Metropolitan Statistical Area)",98.308
42700,"Sebring, FL",28110,40400,"Sebring, FL Metro Area",20.5,"Sebring, FL (Metropolitan Statistical Area)",92.47
43100,"Sheboygan, WI",60630,51890,"Sheboygan, WI Metro Area",27.5,"Sheboygan, WI (Metropolitan Statistical Area)",94.014
43300,"Sherman-Denison, TX",52690,44610,"Sherman-Denison, TX Metro Area",23.9,"Sherman-Denison, TX (Metropolitan Statistical Area)",93.771
43340,"Shreveport-Bossier City, LA",162750,44820,"Shreveport-Bossier City, LA Metro Area",26.1,"Shreveport-Bossier City, LA (Metropolitan Statistical Area)",84.766
43420,"Sierra Vista-Douglas, AZ",33970,47050,"Sierra Vista-Douglas, AZ Metro Area",28.1,"Sierra Vista-Douglas, AZ (Metropolitan Statistical Area)",89.243
43580,"Sioux City, IA-NE-SD",75010,47030,"Sioux City, IA-NE-SD Metro Area",24.6,"Sioux City, IA-NE-SD (Metropolitan Statistical Area)",86.454
43620,"Sioux Falls, SD-MN",178590,47970,"Sioux Falls, SD-MN Metro Area",36.7,"Sioux Falls, SD-MN (Metropolitan Statistical Area)",90.631
43640,"Slidell-Mandeville-Covington, LA",98240,43710,"Slidell-Mandeville-Covington, LA Metro Area",37.7,"Slidell-Mandeville-Covington, LA (Metropolitan Statistical Area)",92.726
43780,"South Bend-Mishawaka, IN-MI",131670,46540,"South Bend-Mishawaka, IN-MI Metro Area",31.5,"South Bend-Mishawaka, IN-MI (Metropolitan Statistical Area)",92.858
43900,"Spartanburg, SC",165150,47650,"Spartanburg, SC Metro Area",24.3,"Spartanburg, SC (Metropolitan Statistical Area)",91.051
44060,"Spokane-Spokane Valley, WA",255820,54660,"Spokane-Spokane Valley, WA Metro Area",32.2,"Spokane-Spokane Valley, WA (Metropolitan Statistical Area)",100.346
44100,"Springfield, IL",100810,52670,"Springfield, IL Metro Area",36.1,"Springfield, IL (Metropolitan Statistical Area)",92.745
44140,"Springfield, MA",201240,51930,"Springfield, MA Metro Area",29.3,"Springfield, MA (Metropolitan Statistical Area)",96.061
44180,"Springfield, MO",223030,45780,"Springfield, MO Metro Area",30.8,"Springfield, MO (Metropolitan Statistical Area)",88.585
44220,"Springfield, OH",45860,45470,"Springfield, OH Metro Area",20.2,"Springfield, OH (Metropolitan Statistical Area)",90.482
44300,"State College, PA",68840,49220,"State College, PA Metro Area",46.2,"State College, PA (Metropolitan Statistical Area)",96.762
44420,"Staunton-Stuarts Draft, VA",51640,48040,"Staunton-Stuarts Draft, VA Metro Area",27.7,"Staunton-Stuarts Draft, VA (Metropolitan Statistical Area)",91.128
44700,"Stockton-Lodi, CA",289660,48990,"Stockton-Lodi, CA Metro Area",22.7,"Stockton-Lodi, CA (Metropolitan Statistical Area)",105.089
44940,"Sumter, SC",34560,42890,"Sumter, SC Metro Area",23.5,"Sumter, SC (Metropolitan Statistical Area)",88.02
45060,"Syracuse, NY",300130,52990,"Syracuse, NY Metro Area",35.1,"Syracuse, NY (Metropolitan Statistical Area)",95.742
45220,"Tallahassee, FL",186160,46520,"Tallahassee, FL Metro Area",41.4,"Tallahassee, FL (Metropolitan Statistical Area)",93.919
45300,"Tampa-St. Petersburg-Clearwater, FL",1447120,48940,"Tampa-St. Petersburg-Clearwater, FL Metro Area",34.9,"Tampa-St. Petersburg-Clearwater, FL (Metropolitan Statistical Area)",100.89
45460,"Terre Haute, IN",65120,44870,"Terre Haute, IN Metro Area",22.9,"Terre Haute, IN (Metropolitan Statistical Area)",87.797
45500,"Texarkana, TX-AR",57580,43200,"Texarkana, TX-AR Metro Area",20.6,"Texarkana, TX-AR (Metropolitan Statistical Area)",84.012
45780,"Toledo, OH",291530,48220,"Toledo, OH Metro Area",30.2,"Toledo, OH (Metropolitan Statistical Area)",91.455
45820,"Topeka, KS",115750,49540,"Topeka, KS Metro Area",30.1,"Topeka, KS (Metropolitan Statistical Area)",88.82
45900,"Traverse City, MI",68440,47470,"Traverse City, MI Metro Area",39.4,"Traverse City, MI (Metropolitan Statistical Area)",93.372
45940,"Trenton-Princeton, NJ",240190,63490,"Trenton-Princeton, NJ Metro Area",45.4,"Trenton-Princeton, NJ (Metropolitan Statistical Area)",103.18
46060,"Tucson, AZ",389630,47760,"Tucson, AZ Metro Area",36.8,"Tucson, AZ (Metropolitan Statistical Area)",96.896
46140,"Tulsa, OK",458730,46670,"Tulsa, OK Metro Area",30.5,"Tulsa, OK (Metropolitan Statistical Area)",89.214
46220,"Tuscaloosa, AL",108460,45220,"Tuscaloosa, AL Metro Area",29.3,"Tuscaloosa, AL (Metropolitan Statistical Area)",87.722
46300,"Twin Falls, ID",50300,45400,"Twin Falls, ID Metro Area",21.6,"Twin Falls, ID (Metropolitan Statistical Area) *",92.108
46340,"Tyler, TX",115220,42650,"Tyler, TX Metro Area",28.6,"Tyler, TX (Metropolitan Statistical Area)",92.156
46520,"Urban Honolulu, HI",446380,57220,"Urban Honolulu, HI Metro Area",38.5,"Urban Honolulu, HI (Metropolitan Statistical Area)",110.961
46540,"Utica-Rome, NY",118390,48970,"Utica-Rome, NY Metro Area",26.7,"Utica-Rome, NY (Metropolitan Statistical Area)",92.678
46660,"Valdosta, GA",53890,39110,"Valdosta, GA Metro Area",25.5,"Valdosta, GA (Metropolitan Statistical Area)",88.271
46700,"Vallejo, CA",144130,58620,"Vallejo, CA Metro Area",28.8,"Vallejo, CA (Metropolitan Statistical Area)",108.479
47020,"Victoria, TX",38120,43050,"Victoria, TX Metro Area",20.0,"Victoria, TX (Metropolitan Statistical Area)",89.839
47220,"Vineland, NJ",62300,48190,"Vineland, NJ Metro Area",18.9,"Vineland, NJ (Metropolitan Statistical Area)",95.968
47260,"Virginia Beach-Chesapeake-Norfolk, VA-NC",763060,49430,"Virginia Beach-Chesapeake-Norfolk, VA-NC Metro Area",35.8,"Virginia Beach-Chesapeake-Norfolk, VA-NC (Metropolitan Statistical Area)",97.941
47300,"Visalia, CA",171140,45130,"Visalia, CA Metro Area",16.6,"Visalia, CA (Metropolitan Statistical Area)",99.825
47380,"Waco, TX",129860,46020,"Waco, TX Metro Area",27.5,"Waco, TX (Metropolitan Statistical Area)",92.55
47460,"Walla Walla, WA",25920,53100,"Walla Walla, WA Metro Area",29.8,"Walla Walla, WA (Metropolitan Statistical Area)",98.519
47580,"Warner Robins, GA",76050,48600,"Warner Robins, GA Metro Area",31.1,"Warner Robins, GA (Metropolitan Statistical Area)",93.789
47900,"Washington-Arlington-Alexandria, DC-VA-MD-WV",3136190,71060,"Washington-Arlington-Alexandria, DC-VA-MD-WV Metro Area",54.4,"Washington-Arlington-Alexandria, DC-VA-MD-WV (Metropolitan Statistical Area)",108.884
47930,"Waterbury-Shelton, CT",160710,51440,"Waterbury-Shelton, CT Metro Area",33.8,"Waterbury-Shelton, CT (Metropolitan Statistical Area)",99.778
47940,"Waterloo-Cedar Falls, IA",84260,47430,"Waterloo-Cedar Falls, IA Metro Area",31.0,"Waterloo-Cedar Falls, IA (Metropolitan Statistical Area)",87.057
48060,"Watertown-Fort Drum, NY",39330,47600,"Watertown-Fort Drum, NY Metro Area",26.5,"Watertown-Fort Drum, NY (Metropolitan Statistical Area)",87.69
48140,"Wausau, WI",69530,48790,"Wausau, WI Metro Area",28.1,"Wausau, WI (Metropolitan Statistical Area)",92.651
48260,"Weirton-Steubenville, WV-OH",36220,45840,"Weirton-Steubenville, WV-OH Metro Area",20.8,"Weirton-Steubenville, WV-OH (Metropolitan Statistical Area)",89.024
48300,"Wenatchee-East Wenatchee, WA",51220,49290,"Wenatchee-East Wenatchee, WA Metro Area",27.8,"Wenatchee-East Wenatchee, WA (Metropolitan Statistical Area)",103.855
48540,"Wheeling, WV-OH",58130,44250,"Wheeling, WV-OH Metro Area",23.7,"Wheeling, WV-OH (Metropolitan Statistical Area)",88.323
48620,"Wichita, KS",308570,47630,"Wichita, KS Metro Area",31.8,"Wichita, KS (Metropolitan Statistical Area)",88.946
48660,"Wichita Falls, TX",55550,43210,"Wichita Falls, TX Metro Area",24.9,"Wichita Falls, TX (Metropolitan Statistical Area)",89.513
48680,"Wildwood-The Villages, FL",41300,45830,"Wildwood-The Villages, FL Metro Area",35.3,"Wildwood-The Villages, FL (Metropolitan Statistical Area)",85.424
48700,"Williamsport, PA",49510,46050,"Williamsport, PA Metro Area",24.8,"Williamsport, PA (Metropolitan Statistical Area)",92.35
48900,"Wilmington, NC",191280,45800,"Wilmington, NC Metro Area",39.4,"Wilmington, NC (Metropolitan Statistical Area)",96.422
49020,"Winchester, VA-WV",67740,47070,"Winchester, VA-WV Metro Area",29.4,"Winchester, VA-WV (Metropolitan Statistical Area)",96.45
49180,"Winston-Salem, NC",271980,46380,"Winston-Salem, NC Metro Area",30.8,"Winston-Salem, NC (Metropolitan Statistical Area)",92.043
49340,"Worcester, MA",349880,57830,"Worcester, MA Metro Area",39.7,"Worcester, MA (Metropolitan Statistical Area)",102.523
49420,"Yakima, WA",97010,47810,"Yakima, WA Metro Area",19.2,"Yakima, WA (Metropolitan Statistical Area)",95.545
49620,"York-Hanover, PA",183590,48170,"York-Hanover, PA Metro Area",27.6,"York-Hanover, PA (Metropolitan Statistical Area)",96.0
49660,"Youngstown-Warren, OH",160160,43800,"Youngstown-Warren, OH Metro Area",24.1,"Youngstown-Warren, OH (Metropolitan Statistical Area)",87.394
49700,"Yuba City, CA",51090,49970,"Yuba City, CA Metro Area",19.5,"Yuba City, CA (Metropolitan Statistical Area)",104.233
49740,"Yuma, AZ",68880,44170,"Yuma, AZ Metro Area",16.8,"Yuma, AZ (Metropolitan Statistical Area)",92.706
